2013,india
2013,india,Tuesday,January 01Jan 1,New Years Day ,"   Arunachal pradesh, Manipur, Meghalaya, Miizoram, Nagaland, Sikkim, Tamil Nadu only  "
2013,india,Sunday,January 13Jan 13,Bhogi ,  Andhra Pradesh Only  
2013,india,Monday,January 14Jan 14,Pongal ,"  Also known as Makar Sankranti, Lohri, Bihu, Hadaga, Poki  "
2013,india,Tuesday,January 15Jan 15,Uzhavar Tirunal ,"  Puducherry, Tamil Nadu only  "
2013,india,Friday,January 18Jan 18,Guru Gobind Singh Jayanti ,"  Haryana, Punjab only. Birthday of the tenth and final Sikh prophet-teacher  "
2013,india,Wednesday,January 23Jan 23,  Netaji Subhas Chandra Bose Jayanti  ,"  Tripura, West Bengal only. Birthday of a prominent leader in the Indian freedom movement  "
2013,india,Friday,January 25Jan 25,Milad-un-Nabi  ,
2013,india,Saturday,January 26Jan 26,Republic Day  ,  Commemorates the establishment of the Constitution of India  
2013,india,Tuesday,February 19Feb 19,  Chhatrapati Shivaji Maharaj Jayanti  ,  Maharashtra only  
2013,india,Sunday,March 10Mar 10,Maha Shivratri  ,  Celebrated on the 13th night/14th day in the Krishna Paksha  
2013,india,Wednesday,March 27Mar 27,Holi  ,
2013,india,Friday,March 29Mar 29,Good Friday  ,  Friday before Easter Sunday  
2013,india,Thursday,April 11Apr 11,Ugadi ,"  Telugu and Kannada New Year. Karnataka (Bangalore), Maharashtra, Andhra Pradesh only.  "
2013,india,Sunday,April 14Apr 14,Dr Ambedkar Jayanti ,  Birthday of Bhimrao Ramji Ambedekar  
2013,india,Sunday,April 14Apr 14,Tamil New Year ,  Puthandu. Tamil Nadu only  
2013,india,Saturday,April 20Apr 20,Ram Navami  ,  Celebrates the birth of Lord Rama to King Dasharatha of Ayodhya  
2013,india,Tuesday,April 23Apr 23,Mahavir Jayanti  ,  The most important religious holiday in Jainism  
2013,india,Wednesday,April 24Apr 24,Mahavir Jayanti  ,  The most important religious holiday in Jainism  
2013,india,Wednesday,May 01May 1,  Maharashtra Day  ,  Maharashtra only. Commemorates the formation of the state of Maharashtra on 1 May 1960.   
2013,india,Wednesday,May 01May 1,May Day ,"  Assam, Bihar, Goa, Jharkhand, Karnataka, Kerala, Manipur, Tamil Nadu, Tripura, Uttar Pradesh, West Bengal only  "
2013,india,Monday,May 13May 13,  Basava Jayanthi  ,"  Karnataka only. Birthday of Basvanna, the founder of Lingayatism  "
2013,india,Thursday,May 16May 16,  Public Holiday  ,  Arunachal Pradesh only.  To allow voting in municipal elections  
2013,india,Friday,May 24May 24,  Hazrat Alis Birthday  ,  Uttar Pradesh only. Son in law of Prophet Muhammad  
2013,india,Saturday,May 25May 25,Buddha Purnima  ,  Birth of Buddha  
2013,india,Wednesday,June 12Jun 12,  Guru Arjun Dev Martyrdom day  ,  Punjab only.  
2013,india,Sunday,June 23Jun 23,  Sant Guru Kabir Jayanti  ,  Gazetted holiday in Himachal Pradesh.  
2013,india,Wednesday,July 03Jul 3,  Public Holiday  ,  Punjab only. Allow voting in elections  
2013,india,Friday,August 02Aug 2,Jumat-ul-Wida ,  Last Friday of Ramadam  
2013,india,Friday,August 09Aug 9,Idul Fitr  ,"  All states except Goa, Jharkhand and Uttar Pradesh  "
2013,india,Thursday,August 15Aug 15,Independence Day  ,
2013,india,Sunday,August 18Aug 18,Parsi New Year ,  Mumbai Only  
2013,india,Wednesday,August 28Aug 28,Janmashtami ,"  Restricted Holiday. Bangalore, Delhi. Celebrates the birth of Lord Shri Krishna  "
2013,india,Monday,September 09Sep 9,Ganesh Chaturthi ,  Varasiddhi Vinayaka Vrata  
2013,india,Wednesday,October 02Oct 2,Mahatma Gandhi Birthday  ,   Gandhi Jayanti  
2013,india,Monday,October 14Oct 14,Dussehra ,  Vijaya Dashami  
2013,india,Tuesday,October 15Oct 15,Idul Juha ,  Bakrid  
2013,india,Wednesday,October 16Oct 16,Id-Ul-Zuha ,  Goa  
2013,india,Friday,November 01Nov 1,Kannada Rajyothsava ,  Bangalore Only. Karnataka Formation Day  
2013,india,Sunday,November 03Nov 3,Deewali ,  Deepawali  
2013,india,Tuesday,November 05Nov 5,Muharram ,  Observed mainly by the Shia Muslim community  
2013,india,Thursday,November 14Nov 14,Muharram (10th Day) ,  Day of Ashurah  
2013,india,Friday,November 15Nov 15,Muharram ,"  Day of Ashurah. Delhi, Tamil Nadu  "
2013,india,Sunday,November 17Nov 17,Guru Nanak Birthday  ,"  The Birthday of Guru Nanak Sahib, the founder of Sikhism, falls on full moon day of the month Kartik  "
2013,india,Monday,December 23Dec 23,  Birthday of Chaudhary Charan Singh  ,  Uttar Pradesh only. Former Prime Minister of India.  
2013,india,Wednesday,December 25Dec 25,Christmas Day  ,   Observed in all states  
2014,india
2014,india,Wednesday,January 01Jan 1,New Years Day ,"  Arunachal pradesh, Manipur, Meghalaya, Miizoram, Nagaland, Sikkim, Tamil Nadu only  "
2014,india,Tuesday,January 07Jan 7,Guru Gobind Singh Jayanti ,"  Himachal Pradesh, Haryana, Punjab only. Birthday of the tenth and final Sikh prophet-teacher  "
2014,india,Sunday,January 12Jan 12,  Birthday of Swami Vivekananda  ,  West Bengal only.  
2014,india,Monday,January 13Jan 13,Bhogi ,  Andhra Pradesh Only  
2014,india,Tuesday,January 14Jan 14,Milad-un-Nabi  ,
2014,india,Tuesday,January 14Jan 14,Pongal ,"  Also known as Makar Sankranti, Lohri, Bihu, Hadaga, Poki  "
2014,india,Wednesday,January 15Jan 15,Pongal ,"  Also known as Makar Sankranti, Lohri, Bihu, Hadaga, Poki  "
2014,india,Thursday,January 16Jan 16,Uzhavar Tirunal ,"  Puducherry, Tamil Nadu only  "
2014,india,Thursday,January 23Jan 23,  Netaji Subhas Chandra Bose Jayanti  ,"  Assam, Odisha, Tripura, West Bengal only. Birthday of a prominent leader in the Indian freedom movement  "
2014,india,Saturday,January 25Jan 25,Statehood Day ,  Himachal Pradesh only  
2014,india,Sunday,January 26Jan 26,Republic Day  ,   Commemorates the establishment of the Constitution of India  
2014,india,Tuesday,February 04Feb 4,Vasant Panchami ,"  Haryana, Odisha,Tripura, West Bengal only  "
2014,india,Friday,February 14Feb 14,Guru Ravidas Birthday ,"  Haryana, Himachal Pradesh, Punjab only  "
2014,india,Wednesday,February 19Feb 19,  Chhatrapati Shivaji Maharaj Jayanti  ,  Maharashtra only  
2014,india,Thursday,February 27Feb 27,Maha Shivratri  ,
2014,india,Friday,February 28Feb 28,Maha Shivratri  ,  Celebrated on the 13th night/14th day in the Krishna Paksha  
2014,india,Sunday,March 16Mar 16,Doljatra ,"  Holi Dahan. Uttar Pradesh, West Bengal only.  "
2014,india,Monday,March 17Mar 17,Holi  ,
2014,india,Monday,March 31Mar 31,Ugadi ,"  Telugu and Kannada New Year. Karnataka, Maharashtra, Andhra Pradesh, Uttar Pradesh only.  "
2014,india,Monday,March 31Mar 31,  Telugu New Years Day  ,"  Puducherry, Tamil Nadu only  "
2014,india,Saturday,April 05Apr 5,  Babu Jagjivan Ram Birthday  ,  Andhra Pradesh only  
2014,india,Monday,April 07Apr 7,  Public Holiday  ,  Assam only. First phase of Lok Sabha elections   
2014,india,Tuesday,April 08Apr 8,Ram Navami  ,  Celebrates the birth of Lord Rama to King Dasharatha of Ayodhya  
2014,india,Thursday,April 10Apr 10,  Public Holiday  ,  Delhi. Allow voting in Lok Sabha elections  
2014,india,Sunday,April 13Apr 13,Mahavir Jayanti  ,   The most important religious holiday in Jainism  
2014,india,Monday,April 14Apr 14,Dr Ambedkar Jayanti ,  Birthday of Bhimrao Ramji Ambedekar  
2014,india,Monday,April 14Apr 14,Tamil New Year ,  Puthandu. Tamil Nadu only  
2014,india,Tuesday,April 15Apr 15,  Himachal Day  ,  Himachal Pradesh only. The province of Himachal Pradesh was created on 15 April 1948  
2014,india,Tuesday,April 15Apr 15,Bengali New Year ,"  Tripura, West Bengal only  "
2014,india,Thursday,April 17Apr 17,  Public Holiday  ,  Karnataka. Allow voting in Lok Sabha elections  
2014,india,Friday,April 18Apr 18,Good Friday  ,  Friday before Easter Sunday  
2014,india,Thursday,May 01May 1,  Maharashtra Day  ,  Maharashtra only. Commemorates the formation of the state of Maharashtra on 1 May 1960.   
2014,india,Thursday,May 01May 1,May Day ,"  Assam, Bihar, Goa, Jharkhand, Karnataka, Kerala, Manipur, Tamil Nadu, Tripura, West Bengal only  "
2014,india,Thursday,May 01May 1,  Parashurama Jayanti  ,"  Himachal Pradesh, Uttar Pradesh only  "
2014,india,Friday,May 02May 2,  Basava Jayanthi  ,  Karnataka only. The most important festival of the Lingayats.  
2014,india,Friday,May 09May 9,  Birthday of Rabindra Nath Tagore  ,"  Tripura, West Bengal.  A Bengali polymath who reshaped literature and music.  "
2014,india,Tuesday,May 13May 13,  Hazrat Alis Birthday  ,  Uttar Pradesh only. Son in law of Prophet Muhammad  
2014,india,Wednesday,May 14May 14,Buddha Purnima  ,  Birth of Buddha  
2014,india,Saturday,May 31May 31,  Maharana Pratap Jayanti  ,  Himachal Pradesh only  
2014,india,Sunday,June 01Jun 1,  Guru Arjun Dev Martyrdom day  ,  Punjab only.  
2014,india,Friday,June 13Jun 13,  Sant Guru Kabir Jayanti  ,"  Gazetted holiday in Haryana, Himachal Pradesh, Punjab.  "
2014,india,Friday,July 25Jul 25,Jumat-ul-Wida ,  Last Friday of Ramadam  
2014,india,Tuesday,July 29Jul 29,Idul Fitr  ,"  All states except Goa, Jharkhand  "
2014,india,Sunday,August 10Aug 10,Raksha Bandhan ,"  Gujarat, Rajasthan, Uttarakhand, Uttar Pradesh only.  "
2014,india,Friday,August 15Aug 15,Independence Day  ,
2014,india,Sunday,August 17Aug 17,Janmashtami ,  Restricted Holiday. Celebrates the birth of Lord Shri Krishna  
2014,india,Monday,August 18Aug 18,Parsi New Year ,  Jamshed Navroz. Mumbai Only  
2014,india,Monday,August 18Aug 18,Janmashtami ,  Celebrates the birth of Lord Shri Krishna  
2014,india,Friday,August 29Aug 29,Ganesh Chaturthi ,  Varasiddhi Vinayaka Vrata  
2014,india,Wednesday,September 03Sep 3,  Birthday of Baba Sri Chand  ,  Marks the birth of the founder of the ascetic sect of Udasis  
2014,india,Saturday,September 06Sep 6,  First Onam  ,  Kerala only. Harvest Festival  
2014,india,Sunday,September 07Sep 7,  Thiruvonam  ,  Kerala only. Harvest Festival  
2014,india,Monday,September 08Sep 8,  Sree Narayana Guru Jayanti  ,  Kerala only. Marks the birth of a key social reformer  
2014,india,Sunday,September 21Sep 21,  Sree Narayana Guru Samadhi  ,  Kerala only. Marks the death of a key social reformer  
2014,india,Tuesday,September 23Sep 23,Mahalaya ,"  Odisha, Tripura, West Bengal only.  "
2014,india,Wednesday,September 24Sep 24,Mahalaya ,  Karnataka only.  
2014,india,Wednesday,October 01Oct 1,Saptami of Durgapuja ,"  Odisha, Tripura, West Bengal only.  "
2014,india,Thursday,October 02Oct 2,Mahatma Gandhi Birthday  ,   Gandhi Jayanti  
2014,india,Friday,October 03Oct 3,Dussehra ,  Vijaya Dashami  
2014,india,Friday,October 03Oct 3,Ayudha Puja ,  Karnataka only  
2014,india,Sunday,October 05Oct 5,Bakrid ,  Kerala. Date varies on Lunar cycle  
2014,india,Monday,October 06Oct 6,Idul Juha ,  Bakrid.   
2014,india,Tuesday,October 07Oct 7,  Lakshmi Puja  ,"  Odisha, Tripura, West Bengal only.  "
2014,india,Wednesday,October 08Oct 8,Maharishi Valmiki Birthday ,"  Delhi, Haryana, Himachal Pradesh, Karnataka, Punjab.  "
2014,india,Wednesday,October 15Oct 15,  Public Holiday  ,  Allow voting in Assembly elections  
2014,india,Wednesday,October 22Oct 22,Deepawali ,"  Kerala, Tamil Nadu only.  "
2014,india,Thursday,October 23Oct 23,Deewali ,"  Deepawali. Except Karnataka, Kerala, Tamil Nadu, West Bengal.  "
2014,india,Thursday,October 23Oct 23,Kali Puja ,  West Bengal only. Festival dedicated to the Hindu goddess Kali  
2014,india,Friday,October 24Oct 24,Balipadyami Deepavali ,"  Karnataka, Maharashtra only  "
2014,india,Saturday,October 25Oct 25,Muharram ,  Observed mainly by the Shia Muslim community  
2014,india,Wednesday,October 29Oct 29,Chhath Puja ,  Delhi only  
2014,india,Saturday,November 01Nov 1,Kannada Rajyothsava ,  Bangalore Only. Karnataka Formation Day  
2014,india,Saturday,November 01Nov 1,  Haryana Day  ,  Haryana only.  
2014,india,Tuesday,November 04Nov 4,Muharram (10th Day) ,   Day of Ashurah  
2014,india,Thursday,November 06Nov 6,Guru Nanak Birthday  ,"  The Birthday of Guru Nanak Sahib, the founder of Sikhism, falls on full moon day of the month Kartik   "
2014,india,Saturday,November 08Nov 8,  Kanakadasa Jayanthi  ,  Karnataka only. Marks the birthday of the great poet and saint shri Kanaka Dasa  
2014,india,Tuesday,December 23Dec 23,  Chaudhary Charan Singh Birthday  ,  Uttar Pradesh only  
2014,india,Thursday,December 25Dec 25,Christmas Day  ,   Observed in all states  
2014,india,Friday,December 26Dec 26,Boxing Day  ,  Telangana only  
2014,india,Sunday,December 28Dec 28,Guru Gobind Singh Jayanti ,  Haryana only. Birthday of the tenth and final Sikh prophet-teacher  
2015,india
2015,india,Thursday,January 01Jan 1,New Years Day ,"  Arunachal pradesh, Manipur, Meghalaya, Miizoram, Nagaland, Sikkim, Tamil Nadu only  "
2015,india,Thursday,January 01Jan 1,New Years Day ,  Public Sector. Telangana only. Compensated by Sat Feb 14  
2015,india,Saturday,January 03Jan 3,Milad-un-Nabi  ,  Birthday of Prophet Muhammad  
2015,india,Sunday,January 04Jan 4,Id-e-Milad ,"  Delhi, Tamil Nadu, Telangana  "
2015,india,Monday,January 05Jan 5,Guru Gobind Singh Jayanti ,  Punjab only. Birthday of the tenth and final Sikh prophet-teacher  
2015,india,Monday,January 12Jan 12,  Birthday of Swami Vivekananda  ,  West Bengal only.  
2015,india,Tuesday,January 13Jan 13,Bhogi ,  Andhra Pradesh Only  
2015,india,Wednesday,January 14Jan 14,Pongal ,"  Also known as Makar Sankranti, Lohri, Bihu, Hadaga, Poki  "
2015,india,Thursday,January 15Jan 15,Pongal ,"  Assam, Karnataka, Tamil Nadu, Telangana  "
2015,india,Friday,January 16Jan 16,Thiruvalluvar Day ,  Tamil Nadu only  
2015,india,Saturday,January 17Jan 17,Uzhavar Tirunal ,"  Puducherry, Tamil Nadu only  "
2015,india,Wednesday,January 21Jan 21,  Sonam Lhochar  ,  Sikkim only. Tamang New Year  
2015,india,Friday,January 23Jan 23,  Netaji Subhas Chandra Bose Jayanti  ,"  Assam, Odisha, Tripura, West Bengal. Birthday of a prominent leader in the Indian freedom movement  "
2015,india,Saturday,January 24Jan 24,Vasant Panchami ,"  Haryana, Odisha,Tripura, West Bengal only  "
2015,india,Saturday,January 24Jan 24,  Sir Chhotu Ram Jayanti  ,  Haryana only  
2015,india,Sunday,January 25Jan 25,Statehood Day ,  Himachal Pradesh only  
2015,india,Monday,January 26Jan 26,Republic Day  ,  Commemorates the establishment of the Constitution of India  
2015,india,Saturday,January 31Jan 31,  Me-dam-me-phi  ,  Assam. Ancestor festival  
2015,india,Tuesday,February 03Feb 3,Guru Ravidas Birthday ,"  Haryana, Himachal Pradesh, Punjab only  "
2015,india,Saturday,February 14Feb 14,  Maharshi Dayanand Saraswati Jayanti  ,  Haryana only  
2015,india,Tuesday,February 17Feb 17,Maha Shivratri  ,  Celebrated on the 13th night/14th day in the Krishna Paksha  
2015,india,Thursday,February 19Feb 19,  Chhatrapati Shivaji Maharaj Jayanti  ,  Maharashtra only  
2015,india,Thursday,February 19Feb 19,Losar ,  Sikkim only. Tibetan New Year  
2015,india,Friday,February 27Feb 27,  Public Holiday  ,  Haryana only. Marks the death of a key official  
2015,india,Thursday,March 05Mar 5,Doljatra ,"  Holi Dahan. Assam, Odisha, Uttar Pradesh, West Bengal only.  "
2015,india,Friday,March 06Mar 6,Holi  ,
2015,india,Wednesday,March 18Mar 18,  Public Holiday  ,  Goa. Polling day for zilla panchayat elections  
2015,india,Saturday,March 21Mar 21,Ugadi ,"  Telugu and Kannada New Year. Karnataka, Maharashtra, Andhra Pradesh, Telangana, Uttar Pradesh.  "
2015,india,Monday,March 23Mar 23,"  Shaheedi Diwas of Bhagat Singh, Rajguru & Sukhdev  ",  Haryana only  
2015,india,Saturday,March 28Mar 28,Ram Navami  ,  Celebrates the birth of Lord Rama to King Dasharatha of Ayodhya  
2015,india,Wednesday,April 01Apr 1,  Odisha Day  ,  Odisha only. Utkal Divas  
2015,india,Thursday,April 02Apr 2,Mahavir Jayanti  ,  The most important religious holiday in Jainism  
2015,india,Friday,April 03Apr 3,Good Friday  ,  Friday before Easter Sunday  
2015,india,Sunday,April 05Apr 5,  Babu Jagjivan Ram Birthday  ,"  Andhra Pradesh,  Telangana only  "
2015,india,Tuesday,April 14Apr 14,Dr Ambedkar Jayanti ,  Birthday of Bhimrao Ramji Ambedekar  
2015,india,Tuesday,April 14Apr 14,Tamil New Year ,  Puthandu. Tamil Nadu only  
2015,india,Tuesday,April 14Apr 14,  Vaisakhi  ,  Haryana only  
2015,india,Tuesday,April 14Apr 14,  Bohag Bihu  ,  Assamese New Year  
2015,india,Wednesday,April 15Apr 15,  Himachal Day  ,  Himachal Pradesh only. The province of Himachal Pradesh was created on 15 April 1948  
2015,india,Wednesday,April 15Apr 15,Bengali New Year ,"  Tripura, West Bengal only  "
2015,india,Wednesday,April 15Apr 15,  Vishu  ,  Kerala Only. First day of Tulu calendar  
2015,india,Wednesday,April 15Apr 15,  Bohag Bihu Holiday  ,  Assam only  
2015,india,Thursday,April 16Apr 16,  Bohag Bihu Holiday  ,  Assam only  
2015,india,Friday,April 17Apr 17,  Public Holiday  ,  Uttar Pradesh. Birthday of former PM Chandra Shekhar  
2015,india,Monday,April 20Apr 20,  Parashurama Jayanti  ,"  Haryana, Himachal Pradesh, Uttar Pradesh only  "
2015,india,Friday,May 01May 1,  Maharashtra Day  ,  Maharashtra only. Commemorates the formation of the state of Maharashtra on 1 May 1960  
2015,india,Friday,May 01May 1,May Day ,"  Assam, Bihar, Goa, Jharkhand, Karnataka, Kerala, Manipur, Tamil Nadu, Tripura, West Bengal only  "
2015,india,Sunday,May 03May 3,  Hazrat Alis Birthday  ,  Uttar Pradesh only. Son in law of Prophet Muhammad  
2015,india,Monday,May 04May 4,Buddha Purnima  ,  Birth of Buddha  
2015,india,Saturday,May 09May 9,  Birthday of Rabindra Nath Tagore  ,"  Tripura, West Bengal.  A Bengali polymath who reshaped literature and music.  "
2015,india,Saturday,May 09May 9,  Public Holiday  ,  Uttar Pradesh. Birthday of Rajput king Maharana Pratap  
2015,india,Wednesday,May 20May 20,  Maharana Pratap Jayanti  ,"  Haryana, Himachal Pradesh, Rajasthan  "
2015,india,Tuesday,June 02Jun 2,  Sant Guru Kabir Jayanti  ,"  Gazetted holiday in Haryana, Himachal Pradesh, Punjab.  "
2015,india,Monday,June 15Jun 15,  Raja Sankranti  ,  Odisha only  
2015,india,Tuesday,June 16Jun 16,  Guru Arjun Dev Martyrdom day  ,  Punjab Only  
2015,india,Friday,June 19Jun 19,  Foundation of Sri Anandpur Sahib  ,  Punjab Only  
2015,india,Friday,July 10Jul 10,Jumat-ul-Wida ,"  Jammu and Kashmir, Uttarakhand. Last Friday of Ramadam  "
2015,india,Saturday,July 18Jul 18,Idul Fitr  ,"  All states except Goa, Jharkhand and Uttar Pradesh  "
2015,india,Friday,July 24Jul 24,Kharchi Puja ,  Tripura only  
2015,india,Tuesday,July 28Jul 28,  Public Holiday  ,  Telangana. Government only. Mourn the passing of APJ Abdul Kalam  
2015,india,Tuesday,July 28Jul 28,  State Holiday  ,  Karnataka. Government only. Mourn the passing of APJ Abdul Kalam  
2015,india,Thursday,July 30Jul 30,  Public Holiday  ,  Tamil Nadu. Government only. Funeral of APJ Abdul Kalam  
2015,india,Saturday,August 15Aug 15,Independence Day  ,
2015,india,Monday,August 17Aug 17,Teej ,  Haryana only  
2015,india,Tuesday,August 18Aug 18,Parsi New Year ,  Jamshed Navroz. Mumbai Only  
2015,india,Wednesday,August 19Aug 19,  Public Holiday  ,  Assam only. Allow voting in council polls  
2015,india,Thursday,August 27Aug 27,  First Onam  ,  Kerala only. Harvest Festival  
2015,india,Friday,August 28Aug 28,  Thiruvonam  ,  Kerala only. Harvest Festival  
2015,india,Saturday,August 29Aug 29,Raksha Bandhan ,"  Gujarat, Rajasthan, Uttarakhand, Uttar Pradesh only.  "
2015,india,Saturday,September 05Sep 5,Janmashtami ,  Celebrates the birth of Lord Shri Krishna  
2015,india,Tuesday,September 15Sep 15,  Tithi of Shrimanta Shankar Dev  ,  Assam only  
2015,india,Thursday,September 17Sep 17,Ganesh Chaturthi ,  Varasiddhi Vinayaka Vrata  
2015,india,Friday,September 18Sep 18,  Nuakhai  ,  Odisha only. Harvest Festival.  Day after Ganesh Chaturthi  
2015,india,Monday,September 21Sep 21,  Sree Narayana Guru Samadhi  ,  Kerala only. Marks the death of a key social reformer  
2015,india,Wednesday,September 23Sep 23,  Haryana's Heroes' Martyrdom Day  ,  Haryana only  
2015,india,Thursday,September 24Sep 24,Idul Juha ,  Bakrid.   
2015,india,Friday,September 25Sep 25,Idul Juha ,"  Bakrid. Assam, Delhi, Himachal Pradesh, Haryana, Maharashtra  "
2015,india,Friday,October 02Oct 2,Mahatma Gandhi Birthday ,   Gandhi Jayanti.  
2015,india,Monday,October 12Oct 12,Mahalaya ,"  Karnataka, Odisha, Tripura, West Bengal only.  "
2015,india,Tuesday,October 13Oct 13,  Maharaja Agrasen Jayanati  ,  Haryana only  
2015,india,Sunday,October 18Oct 18,  Kati Bihu  ,  Assam only  
2015,india,Tuesday,October 20Oct 20,Saptami of Durgapuja ,"  Assam, Odisha, Sikkim, Tripura, West Bengal  "
2015,india,Tuesday,October 20Oct 20,  Public Holiday  ,  Telangana. Government only. Eve of Bathukamma Festival  
2015,india,Wednesday,October 21Oct 21,Ayudha Puja ,"  Assam, Karnataka, Sikkim, Tamil Nadu, West Bengal  "
2015,india,Wednesday,October 21Oct 21,Durgastami ,  Telangana  
2015,india,Thursday,October 22Oct 22,Dussehra ,  Vijaya Dashami.  
2015,india,Thursday,October 22Oct 22,Mahanavami ,"  Kerala, Odisha only. Ninth Day of Dussehra  "
2015,india,Friday,October 23Oct 23,Vijaya Dashami ,"  Assam, Kerala, Odisha, Sikkim. Dussehra  "
2015,india,Saturday,October 24Oct 24,Muharram (10th Day) ,   Day of Ashurah  
2015,india,Saturday,October 24Oct 24,Durga Puja ,"  Mahastami. Odisha, Sikkim only  "
2015,india,Sunday,October 25Oct 25,  Public Holiday  ,  Punjab Only  
2015,india,Monday,October 26Oct 26,  Lakshmi Puja  ,  West Bengal only.  
2015,india,Tuesday,October 27Oct 27,Maharishi Valmiki Birthday ,"  Haryana, Himachal Pradesh, Karnataka, Punjab.  "
2015,india,Tuesday,October 27Oct 27,  Lakshmi Puja  ,"  Odisha, Tripura only.  "
2015,india,Saturday,October 31Oct 31,  Public Holiday  ,  Uttar Pradesh. Birthday of birth anniversary of Sardar Patel and Narendra Dev  
2015,india,Sunday,November 01Nov 1,Kannada Rajyothsava ,  Bangalore Only. Karnataka Formation Day  
2015,india,Sunday,November 01Nov 1,  Haryana Day  ,  Haryana only.  
2015,india,Tuesday,November 10Nov 10,Deewali ,  Deepawali.  
2015,india,Tuesday,November 10Nov 10,Kali Puja ,  Odisha West Bengal only. Falls on same date as Diwali  
2015,india,Wednesday,November 11Nov 11,Deewali ,"  Deepawali. Delhi,  Haryana, Himachal Pradesh, Odisha, Punjab, Telangana  "
2015,india,Wednesday,November 11Nov 11,Laxmi Puja ,  . Maharashtra  
2015,india,Thursday,November 12Nov 12,Diwali ,  Deepawali. Maharashtra  
2015,india,Thursday,November 12Nov 12,  Vishavkarma day  ,  Haryana only  
2015,india,Monday,November 16Nov 16,  Kartar Singh Sarabha Martyrdom Day  ,  Punjab Only  
2015,india,Tuesday,November 17Nov 17,Chhath Puja ,  Uttar Pradesh only  
2015,india,Wednesday,November 25Nov 25,  Rasa Purnima  ,  Odisha only  
2015,india,Wednesday,November 25Nov 25,Guru Nanak Birthday ,"  The Birthday of Guru Nanak Sahib, the founder of Sikhism, falls on full moon day of the month Kartik  "
2015,india,Saturday,November 28Nov 28,  Kanakadasa Jayanthi  ,  Karnataka only  
2015,india,Sunday,December 06Dec 6,Dr Ambedkar death anniversary ,  Uttar Pradesh.   
2015,india,Thursday,December 17Dec 17,  Public Holiday  ,  Haryana only. Public sector only.  
2015,india,Thursday,December 24Dec 24,Id-e-Milad ,  Birthday of Prophet Muhammad. Second time in 2015.  
2015,india,Friday,December 25Dec 25,Christmas Day  ,  Observed in all states  
2015,india,Saturday,December 26Dec 26,  Shaheed Udham Singh's Birthday  ,"  Haryana, Punjab only.  "
2016,india
2016,india,Friday,January 01Jan 1,New Years Day ,"  Arunachal pradesh, Manipur, Meghalaya, Miizoram, Nagaland, Sikkim, Tamil Nadu, Telangana  "
2016,india,Saturday,January 02Jan 2,  Mannam Jayanthi  ,  Kerala Only  
2016,india,Tuesday,January 12Jan 12,  Birthday of Swami Vivekananda  ,  West Bengal only.  
2016,india,Thursday,January 14Jan 14,Bhogi ,  Telangana  
2016,india,Thursday,January 14Jan 14,Pongal ,"  Also known as Makar Sankranti, Lohri, Bihu, Hadaga, Poki  "
2016,india,Friday,January 15Jan 15,Pongal ,  Tamil Nadu  
2016,india,Friday,January 15Jan 15,Sankranti ,"  Andhra Pradesh, Assam, Karnataka, Telangana  "
2016,india,Saturday,January 16Jan 16,Guru Gobind Singh Jayanti ,"  Himachal Pradesh, Punjab, Rajasthan. Birthday of the final Sikh prophet-teacher  "
2016,india,Saturday,January 16Jan 16,Thiruvalluvar Day ,  Tamil Nadu only  
2016,india,Sunday,January 17Jan 17,Uzhavar Tirunal ,"  Puducherry, Tamil Nadu only  "
2016,india,Saturday,January 23Jan 23,  Netaji Subhas Chandra Bose Jayanti  ,"  Assam, Odisha, Tripura, West Bengal. Birthday of a prominent leader in the Indian freedom movement  "
2016,india,Monday,January 25Jan 25,Statehood Day ,  Himachal Pradesh only  
2016,india,Tuesday,January 26Jan 26,Republic Day  ,   Commemorates the establishment of the Constitution of India  
2016,india,Thursday,January 28Jan 28,  Birthday of Lala Lajpat Rai  ,  150th year anniversary  
2016,india,Sunday,January 31Jan 31,  Me-dam-me-phi  ,  Assam. Ancestor festival  
2016,india,Tuesday,February 02Feb 2,  Public Holiday  ,  Voting in GHMC elections  
2016,india,Tuesday,February 09Feb 9,Losar ,  Sikkim only. Tibetan New Year  
2016,india,Tuesday,February 09Feb 9,  Sonam Lhochar  ,  Sikkim only. Tamang New Year  
2016,india,Friday,February 12Feb 12,Vasant Panchami ,"  Haryana, Odisha, Punjab, Tripura  "
2016,india,Friday,February 12Feb 12,  Sir Chhotu Ram Jayanti  ,  Haryana only  
2016,india,Saturday,February 13Feb 13,Sree Panchami ,  West Bengal  
2016,india,Friday,February 19Feb 19,  Chhatrapati Shivaji Maharaj Jayanti  ,  Maharashtra only  
2016,india,Monday,February 22Feb 22,Guru Ravidas Birthday ,"  Haryana, Himachal Pradesh, Punjab only  "
2016,india,Friday,March 04Mar 4,  Maharshi Dayanand Saraswati Jayanti  ,  Haryana only  
2016,india,Saturday,March 05Mar 5,  Panchayati Raj Diwas  ,  Odisha  
2016,india,Monday,March 07Mar 7,Maha Shivratri  ,  Celebrated on the 13th night/14th day in the Krishna Paksha  
2016,india,Wednesday,March 09Mar 9,  Solar Eclipse  ,  Odisha  
2016,india,Tuesday,March 22Mar 22,  Bihar Divas  ,  Bihar Only  
2016,india,Wednesday,March 23Mar 23,Doljatra ,  Holi Dahan  
2016,india,Wednesday,March 23Mar 23,  Shahidi Divas S. Bhagat Singh Ji  ,"  Punjab, Rajasthan only  "
2016,india,Wednesday,March 23Mar 23,"  Shaheedi Diwas of Bhagat Singh, Rajguru & Sukhdev  ",  Haryana only  
2016,india,Thursday,March 24Mar 24,Holi  ,
2016,india,Thursday,March 24Mar 24,Maundy Thursday ,  Kerala only  
2016,india,Friday,March 25Mar 25,Good Friday  ,  Friday before Easter Sunday  
2016,india,Friday,April 01Apr 1,  Odisha Day  ,  Odisha only. Utkal Divas  
2016,india,Friday,April 01Apr 1,  Bank Holiday  ,  Banks only. Annual accounts closing  
2016,india,Tuesday,April 05Apr 5,  Babu Jagjivan Ram Birthday  ,  Telangana only  
2016,india,Friday,April 08Apr 8,Ugadi ,  Telugu and Kannada New Year  
2016,india,Friday,April 08Apr 8,  Cheti Chand  ,  Gujarat only.   
2016,india,Wednesday,April 13Apr 13,  Vaisakhi  ,"  Haryana, Punjab only  "
2016,india,Wednesday,April 13Apr 13,  Bohag Bihu Holiday  ,  Assam only  
2016,india,Wednesday,April 13Apr 13,  Biju Festival  ,  Tripura only  
2016,india,Wednesday,April 13Apr 13,  Maha Vishuba Sankranti  ,  Odisha  
2016,india,Thursday,April 14Apr 14,Tamil New Year ,  Puthandu. Tamil Nadu only  
2016,india,Thursday,April 14Apr 14,Bengali New Year ,"  Tripura, West Bengal only  "
2016,india,Thursday,April 14Apr 14,Dr Ambedkar Jayanti ,  Birthday of Bhimrao Ramji Ambedekar  
2016,india,Thursday,April 14Apr 14,  Vishu  ,  Kerala Only. First day of Tulu calendar  
2016,india,Thursday,April 14Apr 14,  Bohag Bihu  ,"  Assamese New Year. Arunachal Pradesh, Assam  "
2016,india,Thursday,April 14Apr 14,  Ashoka's Birth Anniversary  ,  Bihar only  
2016,india,Friday,April 15Apr 15,Ram Navami ,  Celebrates the birth of Lord Rama to King Dasharatha of Ayodhya  
2016,india,Friday,April 15Apr 15,  Himachal Day  ,  Himachal Pradesh only. The province of Himachal Pradesh was created on 15 April 1948  
2016,india,Friday,April 15Apr 15,  Bohag Bihu Holiday  ,  Assam only  
2016,india,Tuesday,April 19Apr 19,Mahavir Jayanti  ,  The most important religious holiday in Jainism  
2016,india,Wednesday,April 20Apr 20,  Garia Puja  ,  Tripura only  
2016,india,Thursday,April 21Apr 21,  Hazrat Alis Birthday  ,  Uttar Pradesh only. Son in law of Prophet Muhammad  
2016,india,Sunday,May 01May 1,  Maharashtra Day  ,  Maharashtra only. Commemorates the formation of the state of Maharashtra on 1 May 1960  
2016,india,Sunday,May 01May 1,May Day ,  Many states  
2016,india,Sunday,May 08May 8,  Birthday of Rabindra Nath Tagore  ,"  Tripura, West Bengal.  A Bengali polymath who reshaped literature and music.  "
2016,india,Sunday,May 08May 8,  Parashurama Jayanti  ,  Himachal Pradesh only  
2016,india,Monday,May 09May 9,  Parashurama Jayanti  ,"  Haryana, Punjab, Uttar Pradesh only  "
2016,india,Monday,May 09May 9,  Basava Jayanthi  ,  Karnataka only. The most important festival of the Lingayats.  
2016,india,Monday,May 16May 16,  State Day  ,  Sikkim only  
2016,india,Monday,May 16May 16,  Public Holiday  ,  Kerala only. Allow voting in Assembly elections  
2016,india,Saturday,May 21May 21,Buddha Purnima  ,  Birth of Buddha  
2016,india,Wednesday,May 25May 25,  Birthday of Kazi Nazrul Islam  ,  Tripura only.   
2016,india,Tuesday,June 07Jun 7,  Maharana Pratap Jayanti  ,"  Haryana, Himachal Pradesh only  "
2016,india,Wednesday,June 08Jun 8,  Guru Arjun Dev Martyrdom day  ,  Punjab Only  
2016,india,Tuesday,June 14Jun 14,  Pahili Raja  ,  Odisha  
2016,india,Wednesday,June 15Jun 15,  Raja Sankranti  ,  Odisha only  
2016,india,Monday,June 20Jun 20,  Sant Guru Kabir Jayanti  ,"  Gazetted holiday in Haryana, Himachal Pradesh, Punjab.  "
2016,india,Friday,July 01Jul 1,Jumat-ul-Wida ,  Last Friday of Ramadam  
2016,india,Wednesday,July 06Jul 6,Idul Fitr  ,  Many states  
2016,india,Wednesday,July 06Jul 6,  Ratha Yatra  ,  Odisha  
2016,india,Thursday,July 07Jul 7,Ramzan ,  Many states  
2016,india,Friday,July 08Jul 8,Ramzan ,  Telengana  
2016,india,Tuesday,July 12Jul 12,Kharchi Puja ,  Tripura only  
2016,india,Tuesday,July 26Jul 26,Ker Puja ,  Tripura only  
2016,india,Sunday,July 31Jul 31,  Martyrdom Day of Shaheed Udham Singh  ,  Punjab only  
2016,india,Monday,August 01Aug 1,  Bonalu  ,
2016,india,Tuesday,August 02Aug 2,  Karkkadaka Vavu  ,  Kerala  
2016,india,Monday,August 15Aug 15,Independence Day  ,
2016,india,Wednesday,August 17Aug 17,Parsi New Year ,"  Jamshed Navroz. Gujarat, Mumbai Only  "
2016,india,Thursday,August 18Aug 18,Raksha Bandhan ,"  Gujarat, Madhya Pradesh, Rajasthan, Uttarakhand, Uttar Pradesh only.  "
2016,india,Wednesday,August 24Aug 24,Sreekrishna Jayanthi ,"  Kerala, Odisha. Celebrates the birth of Lord Shri Krishna  "
2016,india,Thursday,August 25Aug 25,Janmashtami ,  Restricted Holiday. Celebrates the birth of Lord Shri Krishna  
2016,india,Friday,September 02Sep 2,  Parkash Utsav Sri Guru Granth Sahib Ji  ,  Punjab only  
2016,india,Saturday,September 03Sep 3,  Tithi of Shrimanta Shankar Dev  ,  Assam only  
2016,india,Sunday,September 04Sep 4,Teej ,  Haryana only  
2016,india,Monday,September 05Sep 5,Ganesh Chaturthi ,  Varasiddhi Vinayaka Vrata  
2016,india,Tuesday,September 06Sep 6,  Nuakhai  ,  Odisha only. Harvest Festival.  Day after Ganesh Chaturthi  
2016,india,Tuesday,September 06Sep 6,Ganesh Chaturthi Holiday ,  Goa only  
2016,india,Saturday,September 10Sep 10,  Birthday of Baba Sri Chand Ji  ,  Punjab only  
2016,india,Monday,September 12Sep 12,Idul Juha ,"  Bakrid. Except Gujarat, Maharashtra, Tamil Nadu, Telangana, Sikkim.  "
2016,india,Tuesday,September 13Sep 13,  First Onam  ,  Kerala only. Harvest Festival  
2016,india,Tuesday,September 13Sep 13,Bakrid ,"  Gujurat, Maharashtra, Odisha, Telangana, Tamil Nadu  "
2016,india,Wednesday,September 14Sep 14,  Thiruvonam  ,  Kerala only. Harvest Festival  
2016,india,Thursday,September 15Sep 15,  Third Onam  ,  Kerala only. Harvest Festival  
2016,india,Friday,September 16Sep 16,  Sree Narayana Guru Jayanti  ,  Kerala only. Marks the birth of a key social reformer  
2016,india,Friday,September 16Sep 16,  Fourth Onam  ,  Kerala only. Harvest Festival  
2016,india,Wednesday,September 21Sep 21,  Sree Narayana Guru Samadhi  ,  Kerala only. Marks the death of a key social reformer  
2016,india,Friday,September 23Sep 23,  Haryana's Heroes' Martyrdom Day  ,  Haryana only  
2016,india,Wednesday,September 28Sep 28,  Birthday of S. Bhagat Singh Ji  ,  Punjab only  
2016,india,Wednesday,September 28Sep 28,Birthday of S. Bhagat Singh Ji ,  Punjab only  
2016,india,Friday,September 30Sep 30,Mahalaya ,"  Karnataka, Odisha, Tripura, West Bengal only.  "
2016,india,Saturday,October 01Oct 1,  Maharaja Agrasen Jayanati  ,"  Haryana, Punjab, Rajasthan only  "
2016,india,Sunday,October 02Oct 2,Mahatma Gandhi Birthday ,   Gandhi Jayanti  
2016,india,Sunday,October 02Oct 2,Muharram ,  Observed mainly by the Shia Muslim community  
2016,india,Saturday,October 08Oct 8,Maha Saptami ,"  Assam, Odisha, West Bengal  "
2016,india,Saturday,October 08Oct 8,Panchami ,  West Bengal  
2016,india,Sunday,October 09Oct 9,Durgastami ,"  Andhra Pradesh, Assam, Odisha, Telangana, West Bengal  "
2016,india,Monday,October 10Oct 10,Ayudha Puja ,"  Karnataka, Tamil Nadu  "
2016,india,Monday,October 10Oct 10,Navami of Durga Puja ,"  Assam, Tripura,West Bengal  "
2016,india,Monday,October 10Oct 10,Mahanavami ,"  Bihar, Kerala, Odisha only. Ninth Day of Dussehra  "
2016,india,Tuesday,October 11Oct 11,Dussehra ,  Dasara/Vijaya Dashami  
2016,india,Tuesday,October 11Oct 11,Vijaya Dashami ,"  Assam, Bihar, Kerala, Odisha, Telangana, Tripura, Sikkim. Dussehra  "
2016,india,Wednesday,October 12Oct 12,Muharram (10th Day) ,  Day of Ashurah  
2016,india,Wednesday,October 12Oct 12,Durga Puja ,"  Mahastami. Odisha, Sikkim only  "
2016,india,Thursday,October 13Oct 13,Durga Puja Holiday ,  Tripura only  
2016,india,Friday,October 14Oct 14,Durga Puja Holiday ,  Tripura only  
2016,india,Saturday,October 15Oct 15,Maharishi Valmiki Birthday ,"  Delhi, Haryana, Karnataka  "
2016,india,Saturday,October 15Oct 15,  Lakshmi Puja  ,"  Odisha, Tripura, West Bengal only.  "
2016,india,Sunday,October 16Oct 16,Maharishi Valmiki Birthday ,"  Himachal Pradesh, Punjab  "
2016,india,Monday,October 17Oct 17,Parkash Gurpurab of Sri Guru Ram Dass Ji ,  Punjab only  
2016,india,Saturday,October 29Oct 29,Narak Chaturdashi ,  Karnataka  
2016,india,Saturday,October 29Oct 29,Deepavali ,"  Assam, Goa, Kerala, Tamil Nadu, Tripura  "
2016,india,Saturday,October 29Oct 29,Kali Puja ,"  Assam, Odisha, West Bengal. Festival dedicated to the Hindu goddess Kali  "
2016,india,Sunday,October 30Oct 30,Deewali ,"  Deepawali. Except Assam, Goa, Kerala, Tamil Nadu, Tripura, West Bengal.  "
2016,india,Monday,October 31Oct 31,Vikram Samvat New Year ,  Gujarat only.   
2016,india,Monday,October 31Oct 31,Deepavali ,"  Karnataka, Maharashtra  "
2016,india,Monday,October 31Oct 31,  Vishavkarma day  ,"  Punjab, Rajasthan  "
2016,india,Tuesday,November 01Nov 1,  Bhai Bij  ,  Gujarat only.   
2016,india,Tuesday,November 01Nov 1,Kannada Rajyothsava ,  Bangalore Only. Karnataka Formation Day  
2016,india,Tuesday,November 01Nov 1,  Haryana Day  ,  Haryana only.  
2016,india,Tuesday,November 01Nov 1,  Vishavkarma day  ,  Haryana only  
2016,india,Sunday,November 06Nov 6,Chhath Puja ,"  Assam, Bihar, Haryana, Uttar Pradesh  "
2016,india,Monday,November 07Nov 7,Chhath Puja ,  Bihar only  
2016,india,Monday,November 14Nov 14,Guru Nanak Birthday  ,"  The Birthday of the founder of Sikhism, falls on full moon day of the month Kartik  "
2016,india,Monday,November 14Nov 14,  Rasa Purnima  ,  Odisha only  
2016,india,Thursday,November 17Nov 17,  Kanakadasa Jayanthi  ,  Karnataka only. Not a public holiday in 2016 due to banking crisis  
2016,india,Saturday,December 03Dec 3,  World Disabled Day  ,  Tripura only  
2016,india,Saturday,December 03Dec 3,  Feast of St Francis Xavier  ,  Goa only.  
2016,india,Sunday,December 04Dec 4,  Martyrdom Day of Sri Guru Teg Bahadur Ji  ,  Punjab only  
2016,india,Tuesday,December 06Dec 6,  Public Holiday  ,"  Kerala, Tamil Nadu. To mourn the death of Jayalalithaa  "
2016,india,Monday,December 12Dec 12,Id-e-Milad ,
2016,india,Tuesday,December 13Dec 13,Id-e-Milad ,"  Madhya Pradesh, Tamil Nadu, Tripura, Rajasthan, Uttar Pradesh  "
2016,india,Monday,December 19Dec 19,  Goa Liberation Day  ,  Goa only  
2016,india,Sunday,December 25Dec 25,Christmas Day  ,  Observed in all states  
2016,india,Monday,December 26Dec 26,  Shaheed Udham Singh's Birthday  ,  Haryana only  
2016,india,Monday,December 26Dec 26,Boxing Day ,
2017,india
2017,india,Sunday,January 01Jan 1,New Years Day ,"  Arunachal pradesh, Manipur, Meghalaya, Miizoram, Nagaland, Sikkim, Tamil Nadu only  "
2017,india,Tuesday,January 03Jan 3,Prakash Parv of Guru Gobind Singh ,  350th Birthday of the tenth Sikh Guru  
2017,india,Wednesday,January 04Jan 4,Prakash Parv of Guru Gobind Singh ,  350th Birthday of the tenth Sikh Guru  
2017,india,Thursday,January 05Jan 5,Guru Gobind Singh Jayanti ,  350th Birthday of the tenth Sikh Guru  
2017,india,Thursday,January 05Jan 5,350th Birthday of Guru Gobind Singh ,  Delhi. Govt. only  
2017,india,Thursday,January 12Jan 12,  Birthday of Swami Vivekananda  ,  West Bengal only.  
2017,india,Friday,January 13Jan 13,Bhogi ,"  Andhra Pradesh, Telangana  "
2017,india,Saturday,January 14Jan 14,Pongal ,"  Also known as Makar Sankranti, Lohri, Bihu, Hadaga, Poki  "
2017,india,Sunday,January 15Jan 15,Thiruvalluvar Day ,  Tamil Nadu only  
2017,india,Monday,January 16Jan 16,Uzhavar Tirunal ,"  Puducherry, Tamil Nadu only  "
2017,india,Tuesday,January 17Jan 17,  Public Holiday  ,  Tamil Nadu only. 100th Birth Anniversary of Puratchi Thalaivar M.G.R.  
2017,india,Monday,January 23Jan 23,  Netaji Subhas Chandra Bose Jayanti  ,"  Assam, Odisha, Tripura, West Bengal. Birthday of a prominent leader in the Indian freedom movement  "
2017,india,Wednesday,January 25Jan 25,Statehood Day ,  Himachal Pradesh only  
2017,india,Thursday,January 26Jan 26,Republic Day  ,   Commemorates the establishment of the Constitution of India  
2017,india,Saturday,January 28Jan 28,Losar ,  Sikkim only. Tibetan New Year  
2017,india,Tuesday,January 31Jan 31,  Me-dam-me-phi  ,  Assam. Ancestor festival  
2017,india,Wednesday,February 01Feb 1,  Sir Chhotu Ram Jayanti  ,  Haryana only  
2017,india,Wednesday,February 01Feb 1,Vasant Panchami ,"  Haryana, Odisha,Tripura, Punjab , West Bengal  "
2017,india,Friday,February 10Feb 10,Guru Ravidas Birthday ,"  Haryana, Himachal Pradesh, Punjab only  "
2017,india,Sunday,February 19Feb 19,  Chhatrapati Shivaji Maharaj Jayanti  ,  Maharashtra only  
2017,india,Tuesday,February 21Feb 21,  Maharshi Dayanand Saraswati Jayanti  ,  Haryana only  
2017,india,Friday,February 24Feb 24,Maha Shivratri  ,  Celebrated on the 13th night/14th day in the Krishna Paksha  
2017,india,Saturday,February 25Feb 25,Maha Shivratri  ,  Punjab  
2017,india,Sunday,March 05Mar 5,  Panchayati Raj Diwas  ,  Odisha  
2017,india,Sunday,March 12Mar 12,Doljatra ,"  Holi Dahan. Andhra Pradesh, Odisha, Punjab, Uttar Pradesh, West Bengal.  "
2017,india,Monday,March 13Mar 13,Holi  ,
2017,india,Tuesday,March 21Mar 21,Nauroz ,  Spring Festival. Persian New Year.  
2017,india,Thursday,March 23Mar 23,"  Shaheedi Diwas of Bhagat Singh, Rajguru & Sukhdev  ","  Haryana, Punjab only  "
2017,india,Tuesday,March 28Mar 28,Gudi Padwa ,  Telugu and Kannada New Year. Maharashtra only  
2017,india,Tuesday,March 28Mar 28,  Cheti Chand  ,  Gujarat only.   
2017,india,Wednesday,March 29Mar 29,Ugadi ,"  Telugu and Kannada New Year. Andhra Pradesh, Karnataka, Telangana  "
2017,india,Wednesday,March 29Mar 29,Telugu New Year ,  Telugu and Kannada New Year. Tamil Nadu only.  
2017,india,Saturday,April 01Apr 1,  Odisha Day  ,  Odisha only. Utkal Divas  
2017,india,Saturday,April 01Apr 1,  Bank Holiday  ,  Banks only. Annual accounts closing  
2017,india,Tuesday,April 04Apr 4,Ram Navami  ,  Celebrates the birth of Lord Rama to King Dasharatha of Ayodhya  
2017,india,Wednesday,April 05Apr 5,Ram Navami  ,  Celebrates the birth of Lord Rama to King Dasharatha of Ayodhya  
2017,india,Wednesday,April 05Apr 5,  Babu Jagjivan Ram Birthday  ,"  Andhra Pradesh, Telangana only  "
2017,india,Saturday,April 08Apr 8,  Public Holiday  ,  Punjab. Birth anniversary of Guru Nabha Das  
2017,india,Sunday,April 09Apr 9,Mahavir Jayanti  ,  The most important religious holiday in Jainism  
2017,india,Tuesday,April 11Apr 11,  Hazrat Ali's Birthday  ,  Uttar Pradesh only.  
2017,india,Thursday,April 13Apr 13,  Vaisakhi  ,"  Haryana, Jammu and Kashmir, Punjab  "
2017,india,Friday,April 14Apr 14,Dr Ambedkar Jayanti ,  Birthday of Bhimrao Ramji Ambedekar  
2017,india,Friday,April 14Apr 14,Good Friday  ,  Friday before Easter Sunday  
2017,india,Friday,April 14Apr 14,Tamil New Year ,  Puthandu. Tamil Nadu only  
2017,india,Friday,April 14Apr 14,  Vishu  ,  Kerala Only. First day of Tulu calendar  
2017,india,Friday,April 14Apr 14,  Bohag Bihu  ,  Assamese New Year  
2017,india,Friday,April 14Apr 14,  Biju Festival  ,  Tripura only  
2017,india,Saturday,April 15Apr 15,Bengali New Year ,"  Tripura, West Bengal only  "
2017,india,Saturday,April 15Apr 15,  Himachal Day  ,  Himachal Pradesh only. The province of Himachal Pradesh was created on 15 April 1948  
2017,india,Saturday,April 15Apr 15,  Bohag Bihu Holiday  ,  Assam only  
2017,india,Saturday,April 15Apr 15,Easter Saturday ,  Nagaland  
2017,india,Sunday,April 16Apr 16,  Bohag Bihu Holiday  ,  Assam only  
2017,india,Friday,April 21Apr 21,  Garia Puja  ,  Tripura only  
2017,india,Monday,April 24Apr 24,Shab-I-Miraj ,  Jammu and Kashmir  
2017,india,Friday,April 28Apr 28,  Parashurama Jayanti  ,"  Haryana, Himachal Pradesh only  "
2017,india,Saturday,April 29Apr 29,  Basava Jayanthi  ,  Karnataka only. The most important festival of the Lingayats.  
2017,india,Saturday,April 29Apr 29,  Lord Parshuram Jayanti  ,  Punjab only  
2017,india,Monday,May 01May 1,  Maharashtra Day  ,  Maharashtra only. Commemorates the formation of the state of Maharashtra on 1 May 1960  
2017,india,Monday,May 01May 1,May Day ,"  Assam, Bihar, Goa, Jharkhand, Karnataka, Kerala, Manipur, Punjab, Tamil Nadu, West Bengal only  "
2017,india,Tuesday,May 09May 9,  Birthday of Rabindra Nath Tagore  ,  West Bengal  
2017,india,Wednesday,May 10May 10,Buddha Purnima  ,  Birth of Buddha  
2017,india,Tuesday,May 16May 16,  Sikkim State Day  ,  Sikkim only  
2017,india,Friday,May 26May 26,  Birthday of Kazi Nazrul Islam  ,  Tripura only  
2017,india,Sunday,May 28May 28,  Maharana Pratap Jayanti  ,"  Haryana, Himachal Pradesh only  "
2017,india,Monday,May 29May 29,  Guru Arjun Dev Martyrdom day  ,  Punjab Only  
2017,india,Friday,June 09Jun 9,  Sant Guru Kabir Jayanti  ,"  Gazetted holiday in Chhattisgarh, Haryana, Himachal Pradesh, Punjab.  "
2017,india,Sunday,June 11Jun 11,  Public Holiday  ,  Goa. For panchayat elections  
2017,india,Wednesday,June 14Jun 14,  Pahili Raja  ,  Odisha  
2017,india,Thursday,June 15Jun 15,  Raja Sankranti  ,  Odisha only  
2017,india,Friday,June 23Jun 23,Jumat-ul-Wida ,  Last Friday of Ramadam  
2017,india,Sunday,June 25Jun 25,  Ratha Yatra  ,  Odisha  
2017,india,Sunday,June 25Jun 25,Idul Fitr  ,  Kerala  
2017,india,Monday,June 26Jun 26,Idul Fitr  ,  Many states  
2017,india,Tuesday,June 27Jun 27,Idul Fitr Holiday ,  Telangana. Following Day of Ramzan  
2017,india,Saturday,July 01Jul 1,Kharchi Puja ,  Tripura only  
2017,india,Monday,July 10Jul 10,  Bonalu  ,
2017,india,Saturday,July 15Jul 15,Ker Puja ,  Tripura only  
2017,india,Wednesday,July 19Jul 19,  State Holiday  ,  Sikkim only. For funeral of former CM Bhandari   
2017,india,Wednesday,July 26Jul 26,Teej ,  Haryana only  
2017,india,Monday,July 31Jul 31,  Martyrdom Day of Shaheed Udham Singh  ,  Punjab only  
2017,india,Monday,August 07Aug 7,Raksha Bandhan ,
2017,india,Monday,August 14Aug 14,Janmashtami ,  Celebrates the birth of Lord Shri Krishna  
2017,india,Tuesday,August 15Aug 15,Independence Day  ,
2017,india,Tuesday,August 15Aug 15,Janmashtami ,
2017,india,Thursday,August 17Aug 17,Parsi New Year ,  Jamshed Navroz  
2017,india,Tuesday,August 22Aug 22,  Parkash Utsav Sri Guru Granth Sahib Ji  ,  Punjab only  
2017,india,Wednesday,August 23Aug 23,  Tithi of Shrimanta Shankar Dev  ,  Assam only  
2017,india,Friday,August 25Aug 25,Ganesh Chaturthi ,  Varasiddhi Vinayaka Vrata  
2017,india,Saturday,August 26Aug 26,  Nuakhai  ,  Odisha only. Harvest Festival.  Day after Ganesh Chaturthi  
2017,india,Wednesday,August 30Aug 30,  Birthday of Baba Sri Chand Ji  ,  Punjab only  
2017,india,Friday,September 01Sep 1,Idul-Ad'ha ,"  Eid al-Adha. Kerala, Puducherry  "
2017,india,Saturday,September 02Sep 2,Idul Juha ,  Eid al-Adha  
2017,india,Sunday,September 03Sep 3,  First Onam  ,  Kerala only. Harvest Festival  
2017,india,Monday,September 04Sep 4,  Thiruvonam  ,  Kerala only. Harvest Festival  
2017,india,Wednesday,September 06Sep 6,  Sree Narayana Guru Jayanti  ,  Kerala only  
2017,india,Tuesday,September 12Sep 12,  Public Holiday  ,  Punjab. To commemorate Saragarhi Day  
2017,india,Tuesday,September 19Sep 19,Mahalaya ,"  Karnataka, Odisha, Tripura, West Bengal only.  "
2017,india,Wednesday,September 20Sep 20,  Bathukamma Starting day  ,  Nine days before Durgastami  
2017,india,Thursday,September 21Sep 21,Muharram ,  Observed mainly by the Shia Muslim community  
2017,india,Thursday,September 21Sep 21,  Maharaja Agrasen Jayanati  ,"  Haryana, Punjab only  "
2017,india,Thursday,September 21Sep 21,  Sree Narayana Guru Samadhi  ,  Kerala only. Marks the death of a key social reformer  
2017,india,Saturday,September 23Sep 23,  Haryana's Heroes' Martyrdom Day  ,  Haryana only  
2017,india,Wednesday,September 27Sep 27,Saptami of Durgapuja ,"  Odisha, Tripura, West Bengal only  "
2017,india,Thursday,September 28Sep 28,Durga Puja ,"  Mahastami. Odisha, Sikkim, Tripura, West Bengal  "
2017,india,Thursday,September 28Sep 28,Ayudha Puja ,  Tamil Nadu  
2017,india,Thursday,September 28Sep 28,Durgastami ,"  Andhra Pradesh, Telangana  "
2017,india,Friday,September 29Sep 29,Mahanavami ,  Ninth Day of Dussehra  
2017,india,Friday,September 29Sep 29,Dussehra ,  Punjab  
2017,india,Saturday,September 30Sep 30,Dussehra ,  Vijaya Dashami  
2017,india,Saturday,September 30Sep 30,Vijaya Dashami ,"  Karnataka, Kerala, Odisha, Sikkim, Tamil Nadu. Dussehra  "
2017,india,Sunday,October 01Oct 1,Muharram (10th Day) ,  Day of Ashurah  
2017,india,Monday,October 02Oct 2,Mahatma Gandhi Birthday  ,   Gandhi Jayanti  
2017,india,Tuesday,October 03Oct 3,  Puja Holiday (additional)  ,  Tripura only.  
2017,india,Wednesday,October 04Oct 4,  Puja Holiday (additional)  ,  Tripura only.  
2017,india,Thursday,October 05Oct 5,Maharishi Valmiki Birthday ,"  Delhi, Haryana, Himachal Pradesh, Karnataka, Punjab.  "
2017,india,Thursday,October 05Oct 5,  Lakshmi Puja  ,"  Odisha, Tripura, West Bengal only.  "
2017,india,Saturday,October 07Oct 7,Parkash Gurpurab of Sri Guru Ram Dass Ji ,  Punjab only  
2017,india,Wednesday,October 18Oct 18,Deewali ,  Deepawali  
2017,india,Wednesday,October 18Oct 18,  Kati Bihu  ,  Assam only  
2017,india,Wednesday,October 18Oct 18,Narak Chaturdashi ,  Karnataka  
2017,india,Thursday,October 19Oct 19,Kali Puja ,"  Odisha, West Bengal. Festival dedicated to the Hindu goddess Kali  "
2017,india,Thursday,October 19Oct 19,Deewali ,  Maharashtra(Laxmi Pujan)  
2017,india,Friday,October 20Oct 20,  Vishavkarma day  ,"  Haryana, Punjab only  "
2017,india,Friday,October 20Oct 20,Deepavali ,"  Karnataka, Maharashtra  "
2017,india,Friday,October 20Oct 20,Vikram Samvat New Year ,  Gujarat only.   
2017,india,Friday,October 20Oct 20,  Govardhan puja  ,  Uttar Pradesh  
2017,india,Saturday,October 21Oct 21,  Bhai Bij  ,"  Gujarat, Uttar Pradesh  "
2017,india,Tuesday,October 31Oct 31,  Public Holiday  ,  Haryana. Birthday of birth anniversary of Sardar Patel  
2017,india,Wednesday,November 01Nov 1,  Haryana Day  ,  Haryana only.  
2017,india,Wednesday,November 01Nov 1,Kannada Rajyothsava ,  Bangalore Only. Karnataka Formation Day  
2017,india,Saturday,November 04Nov 4,Guru Nanak Birthday  ,"  The Birthday of Guru Nanak Sahib, the founder of Sikhism, falls on full moon day of the month Kartik  "
2017,india,Saturday,November 04Nov 4,  Rasa Purnima  ,  Odisha only  
2017,india,Monday,November 06Nov 6,  Kanakadasa Jayanthi  ,  Karnataka only  
2017,india,Thursday,November 23Nov 23,  Martyrdom Day of Sri Guru Teg Bahadur Ji  ,  Punjab only  
2017,india,Friday,December 01Dec 1,Milad-un-Nabi  ,
2017,india,Saturday,December 02Dec 2,Milad-un-Nabi  ,
2017,india,Sunday,December 03Dec 3,  Feast of St Francis Xavier  ,  Goa only.  
2017,india,Monday,December 18Dec 18,  Guru Ghasidas Jayanti  ,  Chhattisgarh  
2017,india,Tuesday,December 19Dec 19,  Goa Liberation Day  ,  Goa only  
2017,india,Monday,December 25Dec 25,Christmas Day  ,  Observed in all states  
2017,india,Monday,December 25Dec 25,Guru Gobind Singh Jayanti ,  Haryana only. Second time in 2017  
2017,india,Tuesday,December 26Dec 26,  Shaheed Udham Singh's Birthday  ,  Haryana only  
2017,india,Tuesday,December 26Dec 26,Boxing Day ,"  Mizoram, Telangana  "
